Workbook

Sheet BYAN_Analysis
A1: Date | B1: Open | C1: High | D1: Low | E1: Close | F1: Volume | G1: Return | H1: %ΔVolume | I1: Event | J1: Event_ID | K1: Periode_Event | L1: Rumor_Event
A2: 45293 | B2: 18869 | C2: 18988 | D2: 18702 | E2: 18988 | F2: 53800 | I2: =IF(COUNTIF(Event_Rumor!$B$2:$B$9,A2)>0,1,0) -> 0 | J2: {=IF(AND(ROW()-(SUMPRODUCT(MAX((Event_Rumor!$G$2:$G$9<=ROW())*(Event_Rumor!$G$2:$G$9+100000)))-100000)<=Parameter!$B$2,ROW()-(SUMPRODUCT(MAX((Event_Rumor!$G$2:$G$9<=ROW())*(Event_Rumor!$G$2:$G$9+100000)))-100000)<=SUMPRODUCT(MIN(Event_Rumor!$G$2:$G$9+(Event_Rumor!$G$2:$G$9<ROW())*100000))-ROW()),INDEX(Event_Rumor!$A$2:$A$9,MATCH((SUMPRODUCT(MAX((Event_Rumor!$G$2:$G$9<=ROW())*(Event_Rumor!$G$2:$G$9+100000)))-100000),Event_Rumor!$G$2:$G$9,0)),IF(SUMPRODUCT(MIN(Event_Rumor!$G$2:$G$9+(Event_Rumor!$G$2:$G$9<ROW())*100000))-ROW()<=Parameter!$B$2,INDEX(Event_Rumor!$A$2:$A$9,MATCH(SUMPRODUCT(MIN(Event_Rumor!$G$2:$G$9+(Event_Rumor!$G$2:$G$9<ROW())*100000)),Event_Rumor!$G$2:$G$9,0)),"-"))} -> - | K2: {=IF(I2=1,"Event",IF(J2="-","Normal",IF(INDEX(Event_Rumor!$G$2:$G$9,MATCH(J2,Event_Rumor!$A$2:$A$9,0))>ROW(),"Pre","Post")))} -> Normal | L2: {=IF(J2="-","-",INDEX(Event_Rumor!$E$2:$E$9,MATCH(J2,Event_Rumor!$A$2:$A$9,0)))} -> -
A3: 45294 | B3: 18988 | C3: 18988 | D3: 18655 | E3: 18655 | F3: 56100 | G3: =(E3-E2)/E2 -> -0.017537392 | H3: =(F3-F2)/F2 -> 0.042750929 | I3: =IF(COUNTIF(Event_Rumor!$B$2:$B$9,A3)>0,1,0) -> 0 | J3: {=IF(AND(ROW()-(SUMPRODUCT(MAX((Event_Rumor!$G$2:$G$9<=ROW())*(Event_Rumor!$G$2:$G$9+100000)))-100000)<=Parameter!$B$2,ROW()-(SUMPRODUCT(MAX((Event_Rumor!$G$2:$G$9<=ROW())*(Event_Rumor!$G$2:$G$9+100000)))-100000)<=SUMPRODUCT(MIN(Event_Rumor!$G$2:$G$9+(Event_Rumor!$G$2:$G$9<ROW())*100000))-ROW()),INDEX(Event_Rumor!$A$2:$A$9,MATCH((SUMPRODUCT(MAX((Event_Rumor!$G$2:$G$9<=ROW())*(Event_Rumor!$G$2:$G$9+100000)))-100000),Event_Rumor!$G$2:$G$9,0)),IF(SUMPRODUCT(MIN(Event_Rumor!$G$2:$G$9+(Event_Rumor!$G$2:$G$9<ROW())*100000))-ROW()<=Parameter!$B$2,INDEX(Event_Rumor!$A$2:$A$9,MATCH(SUMPRODUCT(MIN(Event_Rumor!$G$2:$G$9+(Event_Rumor!$G$2:$G$9<ROW())*100000)),Event_Rumor!$G$2:$G$9,0)),"-"))} -> - | K3: {=IF(I3=1,"Event",IF(J3="-","Normal",IF(INDEX(Event_Rumor!$G$2:$G$9,MATCH(J3,Event_Rumor!$A$2:$A$9,0))>ROW(),"Pre","Post")))} -> Normal | L3: {=IF(J3="-","-",INDEX(Event_Rumor!$E$2:$E$9,MATCH(J3,Event_Rumor!$A$2:$A$9,0)))} -> -
A4: 45295 | B4: 18678 | C4: 18678 | D4: 18321 | E4: 18583 | F4: 112500 | G4: =(E4-E3)/E3 -> -0.0038595551 | H4: =(F4-F3)/F3 -> 1.0053476 | I4: =IF(COUNTIF(Event_Rumor!$B$2:$B$9,A4)>0,1,0) -> 0 | J4: {=IF(AND(ROW()-(SUMPRODUCT(MAX((Event_Rumor!$G$2:$G$9<=ROW())*(Event_Rumor!$G$2:$G$9+100000)))-100000)<=Parameter!$B$2,ROW()-(SUMPRODUCT(MAX((Event_Rumor!$G$2:$G$9<=ROW())*(Event_Rumor!$G$2:$G$9+100000)))-100000)<=SUMPRODUCT(MIN(Event_Rumor!$G$2:$G$9+(Event_Rumor!$G$2:$G$9<ROW())*100000))-ROW()),INDEX(Event_Rumor!$A$2:$A$9,MATCH((SUMPRODUCT(MAX((Event_Rumor!$G$2:$G$9<=ROW())*(Event_Rumor!$G$2:$G$9+100000)))-100000),Event_Rumor!$G$2:$G$9,0)),IF(SUMPRODUCT(MIN(Event_Rumor!$G$2:$G$9+(Event_Rumor!$G$2:$G$9<ROW())*100000))-ROW()<=Parameter!$B$2,INDEX(Event_Rumor!$A$2:$A$9,MATCH(SUMPRODUCT(MIN(Event_Rumor!$G$2:$G$9+(Event_Rumor!$G$2:$G$9<ROW())*100000)),Event_Rumor!$G$2:$G$9,0)),"-"))} -> - | K4: {=IF(I4=1,"Event",IF(J4="-","Normal",IF(INDEX(Event_Rumor!$G$2:$G$9,MATCH(J4,Event_Rumor!$A$2:$A$9,0))>ROW(),"Pre","Post")))} -> Normal | L4: {=IF(J4="-","-",INDEX(Event_Rumor!$E$2:$E$9,MATCH(J4,Event_Rumor!$A$2:$A$9,0)))} -> -
A5: 45296 | B5: 18631 | C5: 18964 | D5: 18559 | E5: 18940 | F5: 130600 | G5: =(E5-E4)/E4 -> 0.019211107 | H5: =(F5-F4)/F4 -> 0.16088889 | I5: =IF(COUNTIF(Event_Rumor!$B$2:$B$9,A5)>0,1,0) -> 0 | J5: {=IF(AND(ROW()-(SUMPRODUCT(MAX((Event_Rumor!$G$2:$G$9<=ROW())*(Event_Rumor!$G$2:$G$9+100000)))-100000)<=Parameter!$B$2,ROW()-(SUMPRODUCT(MAX((Event_Rumor!$G$2:$G$9<=ROW())*(Event_Rumor!$G$2:$G$9+100000)))-100000)<=SUMPRODUCT(MIN(Event_Rumor!$G$2:$G$9+(Event_Rumor!$G$2:$G$9<ROW())*100000))-ROW()),INDEX(Event_Rumor!$A$2:$A$9,MATCH((SUMPRODUCT(MAX((Event_Rumor!$G$2:$G$9<=ROW())*(Event_Rumor!$G$2:$G$9+100000)))-100000),Event_Rumor!$G$2:$G$9,0)),IF(SUMPRODUCT(MIN(Event_Rumor!$G$2:$G$9+(Event_Rumor!$G$2:$G$9<ROW())*100000))-ROW()<=Parameter!$B$2,INDEX(Event_Rumor!$A$2:$A$9,MATCH(SUMPRODUCT(MIN(Event_Rumor!$G$2:$G$9+(Event_Rumor!$G$2:$G$9<ROW())*100000)),Event_Rumor!$G$2:$G$9,0)),"-"))} -> - | K5: {=IF(I5=1,"Event",IF(J5="-","Normal",IF(INDEX(Event_Rumor!$G$2:$G$9,MATCH(J5,Event_Rumor!$A$2:$A$9,0))>ROW(),"Pre","Post")))} -> Normal | L5: {=IF(J5="-","-",INDEX(Event_Rumor!$E$2:$E$9,MATCH(J5,Event_Rumor!$A$2:$A$9,0)))} -> -
A6: 45299 | B6: 19035 | C6: 19035 | D6: 18607 | E6: 18821 | F6: 60900 | G6: =(E6-E5)/E5 -> -0.0062829989 | H6: =(F6-F5)/F5 -> -0.53369066 | I6: =IF(COUNTIF(Event_Rumor!$B$2:$B$9,A6)>0,1,0) -> 0 | J6: {=IF(AND(ROW()-(SUMPRODUCT(MAX((Event_Rumor!$G$2:$G$9<=ROW())*(Event_Rumor!$G$2:$G$9+100000)))-100000)<=Parameter!$B$2,ROW()-(SUMPRODUCT(MAX((Event_Rumor!$G$2:$G$9<=ROW())*(Event_Rumor!$G$2:$G$9+100000)))-100000)<=SUMPRODUCT(MIN(Event_Rumor!$G$2:$G$9+(Event_Rumor!$G$2:$G$9<ROW())*100000))-ROW()),INDEX(Event_Rumor!$A$2:$A$9,MATCH((SUMPRODUCT(MAX((Event_Rumor!$G$2:$G$9<=ROW())*(Event_Rumor!$G$2:$G$9+100000)))-100000),Event_Rumor!$G$2:$G$9,0)),IF(SUMPRODUCT(MIN(Event_Rumor!$G$2:$G$9+(Event_Rumor!$G$2:$G$9<ROW())*100000))-ROW()<=Parameter!$B$2,INDEX(Event_Rumor!$A$2:$A$9,MATCH(SUMPRODUCT(MIN(Event_Rumor!$G$2:$G$9+(Event_Rumor!$G$2:$G$9<ROW())*100000)),Event_Rumor!$G$2:$G$9,0)),"-"))} -> - | K6: {=IF(I6=1,"Event",IF(J6="-","Normal",IF(INDEX(Event_Rumor!$G$2:$G$9,MATCH(J6,Event_Rumor!$A$2:$A$9,0))>ROW(),"Pre","Post")))} -> Normal | L6: {=IF(J6="-","-",INDEX(Event_Rumor!$E$2:$E$9,MATCH(J6,Event_Rumor!$A$2:$A$9,0)))} -> -
A7: 45300 | B7: 18750 | C7: 18940 | D7: 18750 | E7: 18940 | F7: 138600 | G7: =(E7-E6)/E6 -> 0.0063227246 | H7: =(F7-F6)/F6 -> 1.2758621 | I7: =IF(COUNTIF(Event_Rumor!$B$2:$B$9,A7)>0,1,0) -> 0 | J7: {=IF(AND(ROW()-(SUMPRODUCT(MAX((Event_Rumor!$G$2:$G$9<=ROW())*(Event_Rumor!$G$2:$G$9+100000)))-100000)<=Parameter!$B$2,ROW()-(SUMPRODUCT(MAX((Event_Rumor!$G$2:$G$9<=ROW())*(Event_Rumor!$G$2:$G$9+100000)))-100000)<=SUMPRODUCT(MIN(Event_Rumor!$G$2:$G$9+(Event_Rumor!$G$2:$G$9<ROW())*100000))-ROW()),INDEX(Event_Rumor!$A$2:$A$9,MATCH((SUMPRODUCT(MAX((Event_Rumor!$G$2:$G$9<=ROW())*(Event_Rumor!$G$2:$G$9+100000)))-100000),Event_Rumor!$G$2:$G$9,0)),IF(SUMPRODUCT(MIN(Event_Rumor!$G$2:$G$9+(Event_Rumor!$G$2:$G$9<ROW())*100000))-ROW()<=Parameter!$B$2,INDEX(Event_Rumor!$A$2:$A$9,MATCH(SUMPRODUCT(MIN(Event_Rumor!$G$2:$G$9+(Event_Rumor!$G$2:$G$9<ROW())*100000)),Event_Rumor!$G$2:$G$9,0)),"-"))} -> - | K7: {=IF(I7=1,"Event",IF(J7="-","Normal",IF(INDEX(Event_Rumor!$G$2:$G$9,MATCH(J7,Event_Rumor!$A$2:$A$9,0))>ROW(),"Pre","Post")))} -> Normal | L7: {=IF(J7="-","-",INDEX(Event_Rumor!$E$2:$E$9,MATCH(J7,Event_Rumor!$A$2:$A$9,0)))} -> -
A8: 45301 | B8: 18940 | C8: 18940 | D8: 18845 | E8: 18869 | F8: 25700 | G8: =(E8-E7)/E7 -> -0.00374868 | H8: =(F8-F7)/F7 -> -0.81457431 | I8: =IF(COUNTIF(Event_Rumor!$B$2:$B$9,A8)>0,1,0) -> 0 | J8: {=IF(AND(ROW()-(SUMPRODUCT(MAX((Event_Rumor!$G$2:$G$9<=ROW())*(Event_Rumor!$G$2:$G$9+100000)))-100000)<=Parameter!$B$2,ROW()-(SUMPRODUCT(MAX((Event_Rumor!$G$2:$G$9<=ROW())*(Event_Rumor!$G$2:$G$9+100000)))-100000)<=SUMPRODUCT(MIN(Event_Rumor!$G$2:$G$9+(Event_Rumor!$G$2:$G$9<ROW())*100000))-ROW()),INDEX(Event_Rumor!$A$2:$A$9,MATCH((SUMPRODUCT(MAX((Event_Rumor!$G$2:$G$9<=ROW())*(Event_Rumor!$G$2:$G$9+100000)))-100000),Event_Rumor!$G$2:$G$9,0)),IF(SUMPRODUCT(MIN(Event_Rumor!$G$2:$G$9+(Event_Rumor!$G$2:$G$9<ROW())*100000))-ROW()<=Parameter!$B$2,INDEX(Event_Rumor!$A$2:$A$9,MATCH(SUMPRODUCT(MIN(Event_Rumor!$G$2:$G$9+(Event_Rumor!$G$2:$G$9<ROW())*100000)),Event_Rumor!$G$2:$G$9,0)),"-"))} -> - | K8: {=IF(I8=1,"Event",IF(J8="-","Normal",IF(INDEX(Event_Rumor!$G$2:$G$9,MATCH(J8,Event_Rumor!$A$2:$A$9,0))>ROW(),"Pre","Post")))} -> Normal | L8: {=IF(J8="-","-",INDEX(Event_Rumor!$E$2:$E$9,MATCH(J8,Event_Rumor!$A$2:$A$9,0)))} -> -
A9: 45302 | B9: 18797 | C9: 18869 | D9: 18655 | E9: 18797 | F9: 188600 | G9: =(E9-E8)/E8 -> -0.0038157825 | H9: =(F9-F8)/F8 -> 6.3385214 | I9: =IF(COUNTIF(Event_Rumor!$B$2:$B$9,A9)>0,1,0) -> 0 | J9: {=IF(AND(ROW()-(SUMPRODUCT(MAX((Event_Rumor!$G$2:$G$9<=ROW())*(Event_Rumor!$G$2:$G$9+100000)))-100000)<=Parameter!$B$2,ROW()-(SUMPRODUCT(MAX((Event_Rumor!$G$2:$G$9<=ROW())*(Event_Rumor!$G$2:$G$9+100000)))-100000)<=SUMPRODUCT(MIN(Event_Rumor!$G$2:$G$9+(Event_Rumor!$G$2:$G$9<ROW())*100000))-ROW()),INDEX(Event_Rumor!$A$2:$A$9,MATCH((SUMPRODUCT(MAX((Event_Rumor!$G$2:$G$9<=ROW())*(Event_Rumor!$G$2:$G$9+100000)))-100000),Event_Rumor!$G$2:$G$9,0)),IF(SUMPRODUCT(MIN(Event_Rumor!$G$2:$G$9+(Event_Rumor!$G$2:$G$9<ROW())*100000))-ROW()<=Parameter!$B$2,INDEX(Event_Rumor!$A$2:$A$9,MATCH(SUMPRODUCT(MIN(Event_Rumor!$G$2:$G$9+(Event_Rumor!$G$2:$G$9<ROW())*100000)),Event_Rumor!$G$2:$G$9,0)),"-"))} -> - | K9: {=IF(I9=1,"Event",IF(J9="-","Normal",IF(INDEX(Event_Rumor!$G$2:$G$9,MATCH(J9,Event_Rumor!$A$2:$A$9,0))>ROW(),"Pre","Post")))} -> Normal | L9: {=IF(J9="-","-",INDEX(Event_Rumor!$E$2:$E$9,MATCH(J9,Event_Rumor!$A$2:$A$9,0)))} -> -
A10: 45303 | B10: 18797 | C10: 18797 | D10: 18607 | E10: 18750 | F10: 76600 | G10: =(E10-E9)/E9 -> -0.002500399 | H10: =(F10-F9)/F9 -> -0.59384942 | I10: =IF(COUNTIF(Event_Rumor!$B$2:$B$9,A10)>0,1,0) -> 0 | J10: {=IF(AND(ROW()-(SUMPRODUCT(MAX((Event_Rumor!$G$2:$G$9<=ROW())*(Event_Rumor!$G$2:$G$9+100000)))-100000)<=Parameter!$B$2,ROW()-(SUMPRODUCT(MAX((Event_Rumor!$G$2:$G$9<=ROW())*(Event_Rumor!$G$2:$G$9+100000)))-100000)<=SUMPRODUCT(MIN(Event_Rumor!$G$2:$G$9+(Event_Rumor!$G$2:$G$9<ROW())*100000))-ROW()),INDEX(Event_Rumor!$A$2:$A$9,MATCH((SUMPRODUCT(MAX((Event_Rumor!$G$2:$G$9<=ROW())*(Event_Rumor!$G$2:$G$9+100000)))-100000),Event_Rumor!$G$2:$G$9,0)),IF(SUMPRODUCT(MIN(Event_Rumor!$G$2:$G$9+(Event_Rumor!$G$2:$G$9<ROW())*100000))-ROW()<=Parameter!$B$2,INDEX(Event_Rumor!$A$2:$A$9,MATCH(SUMPRODUCT(MIN(Event_Rumor!$G$2:$G$9+(Event_Rumor!$G$2:$G$9<ROW())*100000)),Event_Rumor!$G$2:$G$9,0)),"-"))} -> - | K10: {=IF(I10=1,"Event",IF(J10="-","Normal",IF(INDEX(Event_Rumor!$G$2:$G$9,MATCH(J10,Event_Rumor!$A$2:$A$9,0))>ROW(),"Pre","Post")))} -> Normal | L10: {=IF(J10="-","-",INDEX(Event_Rumor!$E$2:$E$9,MATCH(J10,Event_Rumor!$A$2:$A$9,0)))} -> -
A11: 45306 | B11: 18702 | C11: 18845 | D11: 18702 | E11: 18797 | F11: 28800 | G11: =(E11-E10)/E10 -> 0.0025066667 | H11: =(F11-F10)/F10 -> -0.62402089 | I11: =IF(COUNTIF(Event_Rumor!$B$2:$B$9,A11)>0,1,0) -> 0 | J11: {=IF(AND(ROW()-(SUMPRODUCT(MAX((Event_Rumor!$G$2:$G$9<=ROW())*(Event_Rumor!$G$2:$G$9+100000)))-100000)<=Parameter!$B$2,ROW()-(SUMPRODUCT(MAX((Event_Rumor!$G$2:$G$9<=ROW())*(Event_Rumor!$G$2:$G$9+100000)))-100000)<=SUMPRODUCT(MIN(Event_Rumor!$G$2:$G$9+(Event_Rumor!$G$2:$G$9<ROW())*100000))-ROW()),INDEX(Event_Rumor!$A$2:$A$9,MATCH((SUMPRODUCT(MAX((Event_Rumor!$G$2:$G$9<=ROW())*(Event_Rumor!$G$2:$G$9+100000)))-100000),Event_Rumor!$G$2:$G$9,0)),IF(SUMPRODUCT(MIN(Event_Rumor!$G$2:$G$9+(Event_Rumor!$G$2:$G$9<ROW())*100000))-ROW()<=Parameter!$B$2,INDEX(Event_Rumor!$A$2:$A$9,MATCH(SUMPRODUCT(MIN(Event_Rumor!$G$2:$G$9+(Event_Rumor!$G$2:$G$9<ROW())*100000)),Event_Rumor!$G$2:$G$9,0)),"-"))} -> - | K11: {=IF(I11=1,"Event",IF(J11="-","Normal",IF(INDEX(Event_Rumor!$G$2:$G$9,MATCH(J11,Event_Rumor!$A$2:$A$9,0))>ROW(),"Pre","Post")))} -> Normal | L11: {=IF(J11="-","-",INDEX(Event_Rumor!$E$2:$E$9,MATCH(J11,Event_Rumor!$A$2:$A$9,0)))} -> -
A12: 45307 | B12: 18797 | C12: 18821 | D12: 18655 | E12: 18821 | F12: 52600 | G12: =(E12-E11)/E11 -> 0.0012767995 | H12: =(F12-F11)/F11 -> 0.82638889 | I12: =IF(COUNTIF(Event_Rumor!$B$2:$B$9,A12)>0,1,0) -> 0 | J12: {=IF(AND(ROW()-(SUMPRODUCT(MAX((Event_Rumor!$G$2:$G$9<=ROW())*(Event_Rumor!$G$2:$G$9+100000)))-100000)<=Parameter!$B$2,ROW()-(SUMPRODUCT(MAX((Event_Rumor!$G$2:$G$9<=ROW())*(Event_Rumor!$G$2:$G$9+100000)))-100000)<=SUMPRODUCT(MIN(Event_Rumor!$G$2:$G$9+(Event_Rumor!$G$2:$G$9<ROW())*100000))-ROW()),INDEX(Event_Rumor!$A$2:$A$9,MATCH((SUMPRODUCT(MAX((Event_Rumor!$G$2:$G$9<=ROW())*(Event_Rumor!$G$2:$G$9+100000)))-100000),Event_Rumor!$G$2:$G$9,0)),IF(SUMPRODUCT(MIN(Event_Rumor!$G$2:$G$9+(Event_Rumor!$G$2:$G$9<ROW())*100000))-ROW()<=Parameter!$B$2,INDEX(Event_Rumor!$A$2:$A$9,MATCH(SUMPRODUCT(MIN(Event_Rumor!$G$2:$G$9+(Event_Rumor!$G$2:$G$9<ROW())*100000)),Event_Rumor!$G$2:$G$9,0)),"-"))} -> - | K12: {=IF(I12=1,"Event",IF(J12="-","Normal",IF(INDEX(Event_Rumor!$G$2:$G$9,MATCH(J12,Event_Rumor!$A$2:$A$9,0))>ROW(),"Pre","Post")))} -> Normal | L12: {=IF(J12="-","-",INDEX(Event_Rumor!$E$2:$E$9,MATCH(J12,Event_Rumor!$A$2:$A$9,0)))} -> -
A13: 45308 | B13: 18655 | C13: 18845 | D13: 18655 | E13: 18726 | F13: 27700 | G13: =(E13-E12)/E12 -> -0.0050475533 | H13: =(F13-F12)/F12 -> -0.47338403 | I13: =IF(COUNTIF(Event_Rumor!$B$2:$B$9,A13)>0,1,0) -> 0 | J13: {=IF(AND(ROW()-(SUMPRODUCT(MAX((Event_Rumor!$G$2:$G$9<=ROW())*(Event_Rumor!$G$2:$G$9+100000)))-100000)<=Parameter!$B$2,ROW()-(SUMPRODUCT(MAX((Event_Rumor!$G$2:$G$9<=ROW())*(Event_Rumor!$G$2:$G$9+100000)))-100000)<=SUMPRODUCT(MIN(Event_Rumor!$G$2:$G$9+(Event_Rumor!$G$2:$G$9<ROW())*100000))-ROW()),INDEX(Event_Rumor!$A$2:$A$9,MATCH((SUMPRODUCT(MAX((Event_Rumor!$G$2:$G$9<=ROW())*(Event_Rumor!$G$2:$G$9+100000)))-100000),Event_Rumor!$G$2:$G$9,0)),IF(SUMPRODUCT(MIN(Event_Rumor!$G$2:$G$9+(Event_Rumor!$G$2:$G$9<ROW())*100000))-ROW()<=Parameter!$B$2,INDEX(Event_Rumor!$A$2:$A$9,MATCH(SUMPRODUCT(MIN(Event_Rumor!$G$2:$G$9+(Event_Rumor!$G$2:$G$9<ROW())*100000)),Event_Rumor!$G$2:$G$9,0)),"-"))} -> - | K13: {=IF(I13=1,"Event",IF(J13="-","Normal",IF(INDEX(Event_Rumor!$G$2:$G$9,MATCH(J13,Event_Rumor!$A$2:$A$9,0))>ROW(),"Pre","Post")))} -> Normal | L13: {=IF(J13="-","-",INDEX(Event_Rumor!$E$2:$E$9,MATCH(J13,Event_Rumor!$A$2:$A$9,0)))} -> -
A14: 45309 | B14: 18797 | C14: 18869 | D14: 18702 | E14: 18869 | F14: 39700 | G14: =(E14-E13)/E13 -> 0.0076364413 | H14: =(F14-F13)/F13 -> 0.433213 | I14: =IF(COUNTIF(Event_Rumor!$B$2:$B$9,A14)>0,1,0) -> 0 | J14: {=IF(AND(ROW()-(SUMPRODUCT(MAX((Event_Rumor!$G$2:$G$9<=ROW())*(Event_Rumor!$G$2:$G$9+100000)))-100000)<=Parameter!$B$2,ROW()-(SUMPRODUCT(MAX((Event_Rumor!$G$2:$G$9<=ROW())*(Event_Rumor!$G$2:$G$9+100000)))-100000)<=SUMPRODUCT(MIN(Event_Rumor!$G$2:$G$9+(Event_Rumor!$G$2:$G$9<ROW())*100000))-ROW()),INDEX(Event_Rumor!$A$2:$A$9,MATCH((SUMPRODUCT(MAX((Event_Rumor!$G$2:$G$9<=ROW())*(Event_Rumor!$G$2:$G$9+100000)))-100000),Event_Rumor!$G$2:$G$9,0)),IF(SUMPRODUCT(MIN(Event_Rumor!$G$2:$G$9+(Event_Rumor!$G$2:$G$9<ROW())*100000))-ROW()<=Parameter!$B$2,INDEX(Event_Rumor!$A$2:$A$9,MATCH(SUMPRODUCT(MIN(Event_Rumor!$G$2:$G$9+(Event_Rumor!$G$2:$G$9<ROW())*100000)),Event_Rumor!$G$2:$G$9,0)),"-"))} -> - | K14: {=IF(I14=1,"Event",IF(J14="-","Normal",IF(INDEX(Event_Rumor!$G$2:$G$9,MATCH(J14,Event_Rumor!$A$2:$A$9,0))>ROW(),"Pre","Post")))} -> Normal | L14: {=IF(J14="-","-",INDEX(Event_Rumor!$E$2:$E$9,MATCH(J14,Event_Rumor!$A$2:$A$9,0)))} -> -
... A651: 46296 | B651: 11800 | C651: 11900 | D651: 11525 | E651: 11650 | F651: 722900 | G651: =(E651-E650)/E650 -> -0.012711864 | H651: =(F651-F650)/F650 -> -0.33477501 | I651: =IF(COUNTIF(Event_Rumor!$B$2:$B$9,A651)>0,1,0) -> 0 | J651: {=IF(AND(ROW()-(SUMPRODUCT(MAX((Event_Rumor!$G$2:$G$9<=ROW())*(Event_Rumor!$G$2:$G$9+100000)))-100000)<=Parameter!$B$2,ROW()-(SUMPRODUCT(MAX((Event_Rumor!$G$2:$G$9<=ROW())*(Event_Rumor!$G$2:$G$9+100000)))-100000)<=SUMPRODUCT(MIN(Event_Rumor!$G$2:$G$9+(Event_Rumor!$G$2:$G$9<ROW())*100000))-ROW()),INDEX(Event_Rumor!$A$2:$A$9,MATCH((SUMPRODUCT(MAX((Event_Rumor!$G$2:$G$9<=ROW())*(Event_Rumor!$G$2:$G$9+100000)))-100000),Event_Rumor!$G$2:$G$9,0)),IF(SUMPRODUCT(MIN(Event_Rumor!$G$2:$G$9+(Event_Rumor!$G$2:$G$9<ROW())*100000))-ROW()<=Parameter!$B$2,INDEX(Event_Rumor!$A$2:$A$9,MATCH(SUMPRODUCT(MIN(Event_Rumor!$G$2:$G$9+(Event_Rumor!$G$2:$G$9<ROW())*100000)),Event_Rumor!$G$2:$G$9,0)),"-"))} -> E08 | K651: {=IF(I651=1,"Event",IF(J651="-","Normal",IF(INDEX(Event_Rumor!$G$2:$G$9,MATCH(J651,Event_Rumor!$A$2:$A$9,0))>ROW(),"Pre","Post")))} -> Post | L651: {=IF(J651="-","-",INDEX(Event_Rumor!$E$2:$E$9,MATCH(J651,Event_Rumor!$A$2:$A$9,0)))} -> 0

Sheet Event_Rumor
A1: Event_ID | B1: Tanggal | C1: Isi_Topik_Rumor | D1: Status_Klarifikasi | E1: Rumor (1=Rumor, 0=Non-Rumor) | F1: Nomor_Surat | G1: Baris_Data_BYAN
A2: E01 | B2: 45469 | C2: Volatilitas transaksi efek & laporan pembelian saham oleh pemegang saham | D2: Dijelaskan | E2: 0 | F2: 509/BR-IDX/VI/2024 | G2: =MATCH(B2,BYAN_Analysis!$A$2:$A$651,0)+1 -> 109
A3: E02 | B3: 45533 | C3: Hibah 22% saham Dato' Low Tuck Kwong kepada Elaine Low untuk suksesi keluarga | D3: Dikonfirmasi | E3: 0 | F3: 816/BR-IDX/VIII/2024 | G3: =MATCH(B3,BYAN_Analysis!$A$2:$A$651,0)+1 -> 155
A4: E03 | B4: 46119 | C4: Volatilitas transaksi efek & laporan penjualan saham oleh pemegang saham | D4: Dijelaskan | E4: 0 | F4: 138/BR-IDX/IV/2026 | G4: =MATCH(B4,BYAN_Analysis!$A$2:$A$651,0)+1 -> 533
A5: E04 | B5: 46171 | C5: Dampak rencana Peraturan Pemerintah (PP) Tata Kelola Ekspor SDA terhadap operasional | D5: Dijelaskan | E5: 0 | F5: 227/BR-IDX/V/2026 | G5: =MATCH(B5,BYAN_Analysis!$A$2:$A$651,0)+1 -> 566
A6: E05 | B6: 46252 | C6: Rumor akuisisi 62,2% saham BYAN oleh Jhonlin Grup / Haji Isam | D6: Dibantah | E6: 1 | F6: 187/BR-IDX/VIII/2026 | G6: =MATCH(B6,BYAN_Analysis!$A$2:$A$651,0)+1 -> 620
A7: E06 | B7: 46253 | C7: Volatilitas transaksi efek pasca rumor pengambilalihan perseroan | D7: Dijelaskan | E7: 0 | F7: 390/BR-BEI/VIII/2026 | G7: =MATCH(B7,BYAN_Analysis!$A$2:$A$651,0)+1 -> 621
A8: E07 | B8: 46286 | C8: Pemberitaan media mengenai perolehan kuota produksi tambahan hingga 20 juta ton | D8: Dikonfirmasi | E8: 1 | F8: Surat 516/BR-IDX/IX/2026 & Media Kompas (https://money.kompas.com/read/2026/09/21/133108026/sempat-terkendala-rkab-byan-dapat-tambahan-kuota-produksi-hingga-20-juta-ton) | G8: =MATCH(B8,BYAN_Analysis!$A$2:$A$651,0)+1 -> 643
A9: E08 | B9: 46290 | C9: Penandatanganan CSPA 30% saham BYAN ke PT Jhonlin Baratama & persetujuan RKAB 2026 | D9: Dikonfirmasi | E9: 0 | F9: 516/BR-IDX/IX/2026 | G9: =MATCH(B9,BYAN_Analysis!$A$2:$A$651,0)+1 -> 647

Sheet Parameter
A1: Parameter | B1: Nilai | C1: Keterangan
A2: Lebar jendela Pre/Post (hari bursa) | B2: 5 | C2: Asumsi analisis (bisa diubah). Digunakan untuk rumus Event_ID dan Periode_Event di sheet BYAN_Analysis.

Sheet Skala_Variabel
A1: Variabel | B1: Sheet | C1: Deskripsi singkat | D1: Tipe data | E1: Skala pengukuran | F1: Satuan | G1: Missing value
A2: Date | B2: BYAN_Analysis | C2: Tanggal hari bursa | D2: Tanggal (waktu) | E2: Interval | F2: dd/mm/yyyy | G2: Tidak ada
A3: Open | B3: BYAN_Analysis | C3: Harga pembukaan | D3: Numerik diskrit | E3: Rasio | F3: Rp | G3: Tidak ada
A4: High | B4: BYAN_Analysis | C4: Harga tertinggi harian | D4: Numerik diskrit | E4: Rasio | F4: Rp | G4: Tidak ada
A5: Low | B5: BYAN_Analysis | C5: Harga terendah harian | D5: Numerik diskrit | E5: Rasio | F5: Rp | G5: Tidak ada
A6: Close | B6: BYAN_Analysis | C6: Harga penutupan | D6: Numerik diskrit | E6: Rasio | F6: Rp | G6: Tidak ada
A7: Volume | B7: BYAN_Analysis | C7: Jumlah saham diperdagangkan | D7: Numerik diskrit | E7: Rasio | F7: Lot (1 Lot 100 Lembar Saham) | G7: Tidak ada
A8: Return | B8: BYAN_Analysis | C8: Return harian sederhana dari Close | D8: Numerik kontinu | E8: Rasio | F8: Proporsi (ditampilkan %) | G8: Baris pertama kosong (tidak ada hari sebelumnya)
A9: %ΔVolume | B9: BYAN_Analysis | C9: Perubahan volume harian | D9: Numerik kontinu | E9: Rasio | F9: Proporsi (ditampilkan %) | G9: Baris pertama kosong
A10: Event | B10: BYAN_Analysis | C10: 1 = hari terbit informasi/klarifikasi, 0 = bukan | D10: Kategorik biner | E10: Nominal | F10: - | G10: Tidak ada
A11: Event_ID | B11: BYAN_Analysis | C11: Kode event (E01-E08) yang jendelanya mencakup hari tersebut; "-" jika di luar jendela | D11: Kategorik | E11: Nominal | F11: - | G11: "-" = di luar jendela (bukan missing)
A12: Periode_Event | B12: BYAN_Analysis | C12: Event / Pre / Post / Normal | D12: Kategorik | E12: Nominal | F12: - | G12: Tidak ada
... A20: Baris_Data_BYAN | B20: Event_Rumor | C20: Nomor baris tanggal event di sheet BYAN_Analysis (rumus MATCH) | D20: Numerik diskrit | E20: - | F20: nomor baris | G20: Tidak ada
